"Area.name","Total.Population","State","Territory","total","above10","Total.Above10.Est","above10.Female","above10.Male","Total.Above10.Female","Total.Above10.Male","Employed.Female","Employed.Male","Occupation","Sex","Number"
"Alabama",996992,"Alabama",NA,15133,10260,675949.112535518,5272,4988,347329.797396418,328619.3151391,128157,314240,"Agriculture","Male",226768
"Arizona",9658,"Arizona Territory",TRUE,92,69,7243.5,18,51,1889.60869565217,5353.89130434783,366,5813,"Agriculture","Male",1284
"Arkansas",484471,"Arkansas",NA,6219,4186,326096.736774401,2061,2125,160555.512301013,165541.224473388,45300,153221,"Agriculture","Male",100669
"California",560247,"California",NA,5531,4183,423705.152956066,1405,2778,142315.500813596,281389.65214247,58041,271610,"Agriculture","Male",47580
"Colorado",39864,"Colorado Territory",TRUE,380,284,29793.0947368421,104,180,10910.1473684211,18882.9473684211,1664,18535,"Agriculture","Male",6462
"Connecticut",537454,"Connecticut",NA,5406,4156,413181.432482427,2146,2010,213351.143914169,199830.288568257,82317,210736,"Agriculture","Male",43523
"Dakota",14181,"Dakota Territory",TRUE,151,115,10800.0993377483,40,75,3756.55629139073,7043.54304635762,682,6333,"Agriculture","Male",2522
"Delaware",125015,"Delaware",NA,1700,1217,89496.0323529412,606,611,44564.1705882353,44931.8617647059,15447,44831,"Agriculture","Male",15907
"District of Columbia",131700,"District of Columbia",NA,1956,1445,97293.7116564417,766,679,51575.7668711657,45717.9447852761,23778,45204,"Agriculture","Male",1350
"Florida",187748,"Florida",NA,3042,2008,123930.96120973,989,1019,61039.701512163,62891.2596975674,16168,57313,"Agriculture","Male",36944
"Georgia",1184109,"Georgia",NA,18027,12032,790325.594275254,6301,5731,413883.109169579,376442.485105675,154292,367879,"Agriculture","Male",262152
"Idaho",14999,"Idaho Territory",TRUE,157,146,13948.1146496815,27,119,2579.44585987261,11368.6687898089,347,10998,"Agriculture","Male",1462
"Illinois",2539891,"Illinois",NA,26547,18135,1735070.75319245,8682,9453,830652.56571364,904418.187478811,326251,963985,"Agriculture","Male",375407
"Indiana",1680637,"Indiana",NA,17455,11929,1148571.68564881,5894,6035,567497.821712976,581073.863935835,218356,636242,"Agriculture","Male",266349
"Iowa",1194020,"Iowa",NA,11693,7929,809662.582741811,3756,4173,383540.504575387,426122.078166424,168862,481765,"Agriculture","Male",209907
"Kansas",364399,"Kansas",NA,3964,2723,250317.47653885,1143,1580,105072.668264379,145244.80827447,36848,149922,"Agriculture","Male",72918
"Kentucky",1321011,"Kentucky",NA,16884,11483,898434.57196162,5740,5743,449099.925373134,449334.646588486,136753,459045,"Agriculture","Male",257426
"Louisiana",726915,"Louisiana",NA,11564,7973,501184.131355932,4013,3960,252257.860169492,248926.271186441,83534,224177,"Agriculture","Male",114530
"Maine",626915,"Maine",NA,5919,4599,487106.282311201,2313,2286,244983.003041054,242123.279270147,102832,260523,"Agriculture","Male",81956
"Maryland",780894,"Maryland",NA,10201,7247,554763.142633075,3718,3529,284615.61533183,270147.527301245,94811,269167,"Agriculture","Male",79197
"Massachusetts",1457351,"Massachusetts",NA,14782,11464,1130230.81206873,6015,5449,593016.253889866,537214.558178866,270963,596263,"Agriculture","Male",72756
"Michigan",1184059,"Michigan",NA,11756,8369,842921.892735624,3994,4375,402273.872575706,440648.020159918,183915,484093,"Agriculture","Male",187036
"Minnesota",439706,"Minnesota",NA,4652,3074,290553.7927773,1406,1668,132894.805674979,157658.987102322,57428,171990,"Agriculture","Male",74663
"Mississippi",827922,"Mississippi",NA,13107,8645,546073.524834058,4369,4276,275974,270099.524834058,105735,252256,"Agriculture","Male",193725
"Missouri",1721295,"Missouri",NA,19084,12820,1156309.04946552,6158,6662,555425.204883672,600883.844581849,192702,637194,"Agriculture","Male",262595
"Montana",20595,"Montana Territory",TRUE,168,155,19001.3392857143,20,135,2451.78571428571,16549.5535714286,591,14376,"Agriculture","Male",2110
"Nebraska",122993,"Nebraska",NA,1153,796,84911.039028621,331,465,35308.4848222029,49602.554206418,10375,51410,"Agriculture","Male",23083
"Nevada",42491,"Nevada",NA,438,367,35603.1894977169,69,298,6693.78767123288,28909.401826484,1878,27925,"Agriculture","Male",2063
"New Hampshire",318300,"New Hampshire",NA,3284,2583,250355.937880633,1340,1243,129878.806333739,120477.131546894,55581,130411,"Agriculture","Male",46562
"New Jersey",906096,"New Jersey",NA,9493,6904,658978.909090909,3531,3373,337029.914252607,321948.994838302,121392,332729,"Agriculture","Male",62943
"New Mexico",91874,"New Mexico Territory",TRUE,845,558,60669.4579881657,271,287,29464.9159763314,31204.5420118343,3863,27378,"Agriculture","Male",18432
"New York",4382759,"New York",NA,43850,32832,3281522.0863854,16901,15931,1689236.25676169,1592285.82962372,670218,1667545,"Agriculture","Male",373455
"North Carolina",1071361,"North Carolina",NA,15275,10391,728806.032798691,5419,4972,380078.904026187,348727.128772504,90299,326287,"Agriculture","Male",241010
"Ohio",2665260,"Ohio",NA,27034,19040,1877138.0631797,9594,9446,945864.631205149,931273.431974551,394680,1091833,"Agriculture","Male",396267
"Oregon",90923,"Oregon",NA,942,611,58974.4723991507,229,382,22103.3619957537,36871.110403397,9166,39562,"Agriculture","Male",13232
"Pennsylvania",3521951,"Pennsylvania",NA,35533,25348,2512436.71933133,12787,12561,1267418.66538148,1245018.05394985,485637,1259906,"Agriculture","Male",258772
"Rhode Island",217353,"Rhode Island",NA,2130,1683,171739.483098592,885,798,90308.6408450704,81430.8422535211,38673,84811,"Agriculture","Male",11767
"South Carolina",705606,"South Carolina",NA,11584,7804,475358.185773481,4102,3702,249861.51691989,225496.668853591,101441,203425,"Agriculture","Male",147708
"Tennessee",1258520,"Tennessee",NA,16834,11338,847635.722941666,5876,5462,439293.306403707,408342.416537959,102645,386047,"Agriculture","Male",247953
"Texas",818579,"Texas",NA,11123,7325,539071.399352693,3543,3782,260741.292546975,278330.106805718,60153,242172,"Agriculture","Male",152722
"Utah",86786,"Utah Territory",TRUE,874,563,55904.4828375286,259,304,25718.0480549199,30186.4347826087,8078,28064,"Agriculture","Male",10417
"Vermont",330551,"Vermont",NA,3293,2538,254764.177953234,1265,1273,126980.569389614,127783.60856362,46886,132076,"Agriculture","Male",57889
"Virginia",1225163,"Virginia",NA,18678,12885,845177.495181497,6696,6189,439216.803083842,405960.692097655,109153,374352,"Agriculture","Male",228082
"Washington",23955,"Washington Territory",TRUE,231,165,17110.7142857143,57,108,5910.97402597403,11199.7402597403,1890,11402,"Agriculture","Male",3759
"West Virginia",442014,"West Virginia",NA,4703,3175,298404.093132043,1619,1556,152162.591112056,146241.502019987,46434,150988,"Agriculture","Male",73725
"Wisconsin",1054670,"Wisconsin",NA,10444,7126,719607.278820375,3424,3702,345766.955189583,373840.323630793,150942,402468,"Agriculture","Male",158300
"Wyoming",9118,"Wyoming Territory",TRUE,66,63,8703.54545454545,5,58,690.757575757576,8012.78787878788,485,6524,"Agriculture","Male",164
"Alabama",996992,"Alabama",NA,15133,10260,675949.112535518,5272,4988,347329.797396418,328619.3151391,128157,314240,"Agriculture","Female",64860
"Arizona",9658,"Arizona Territory",TRUE,92,69,7243.5,18,51,1889.60869565217,5353.89130434783,366,5813,"Agriculture","Female",1
"Arkansas",484471,"Arkansas",NA,6219,4186,326096.736774401,2061,2125,160555.512301013,165541.224473388,45300,153221,"Agriculture","Female",8641
"California",560247,"California",NA,5531,4183,423705.152956066,1405,2778,142315.500813596,281389.65214247,58041,271610,"Agriculture","Female",283
"Colorado",39864,"Colorado Territory",TRUE,380,284,29793.0947368421,104,180,10910.1473684211,18882.9473684211,1664,18535,"Agriculture","Female",0
"Connecticut",537454,"Connecticut",NA,5406,4156,413181.432482427,2146,2010,213351.143914169,199830.288568257,82317,210736,"Agriculture","Female",130
"Dakota",14181,"Dakota Territory",TRUE,151,115,10800.0993377483,40,75,3756.55629139073,7043.54304635762,682,6333,"Agriculture","Female",0
"Delaware",125015,"Delaware",NA,1700,1217,89496.0323529412,606,611,44564.1705882353,44931.8617647059,15447,44831,"Agriculture","Female",66
"District of Columbia",131700,"District of Columbia",NA,1956,1445,97293.7116564417,766,679,51575.7668711657,45717.9447852761,23778,45204,"Agriculture","Female",15
"Florida",187748,"Florida",NA,3042,2008,123930.96120973,989,1019,61039.701512163,62891.2596975674,16168,57313,"Agriculture","Female",5548
"Georgia",1184109,"Georgia",NA,18027,12032,790325.594275254,6301,5731,413883.109169579,376442.485105675,154292,367879,"Agriculture","Female",73993
"Idaho",14999,"Idaho Territory",TRUE,157,146,13948.1146496815,27,119,2579.44585987261,11368.6687898089,347,10998,"Agriculture","Female",0
"Illinois",2539891,"Illinois",NA,26547,18135,1735070.75319245,8682,9453,830652.56571364,904418.187478811,326251,963985,"Agriculture","Female",1034
"Indiana",1680637,"Indiana",NA,17455,11929,1148571.68564881,5894,6035,567497.821712976,581073.863935835,218356,636242,"Agriculture","Female",428
"Iowa",1194020,"Iowa",NA,11693,7929,809662.582741811,3756,4173,383540.504575387,426122.078166424,168862,481765,"Agriculture","Female",356
"Kansas",364399,"Kansas",NA,3964,2723,250317.47653885,1143,1580,105072.668264379,145244.80827447,36848,149922,"Agriculture","Female",310
"Kentucky",1321011,"Kentucky",NA,16884,11483,898434.57196162,5740,5743,449099.925373134,449334.646588486,136753,459045,"Agriculture","Female",3654
"Louisiana",726915,"Louisiana",NA,11564,7973,501184.131355932,4013,3960,252257.860169492,248926.271186441,83534,224177,"Agriculture","Female",26937
"Maine",626915,"Maine",NA,5919,4599,487106.282311201,2313,2286,244983.003041054,242123.279270147,102832,260523,"Agriculture","Female",55
"Maryland",780894,"Maryland",NA,10201,7247,554763.142633075,3718,3529,284615.61533183,270147.527301245,94811,269167,"Agriculture","Female",1252
"Massachusetts",1457351,"Massachusetts",NA,14782,11464,1130230.81206873,6015,5449,593016.253889866,537214.558178866,270963,596263,"Agriculture","Female",54
"Michigan",1184059,"Michigan",NA,11756,8369,842921.892735624,3994,4375,402273.872575706,440648.020159918,183915,484093,"Agriculture","Female",175
"Minnesota",439706,"Minnesota",NA,4652,3074,290553.7927773,1406,1668,132894.805674979,157658.987102322,57428,171990,"Agriculture","Female",494
"Mississippi",827922,"Mississippi",NA,13107,8645,546073.524834058,4369,4276,275974,270099.524834058,105735,252256,"Agriculture","Female",65474
"Missouri",1721295,"Missouri",NA,19084,12820,1156309.04946552,6158,6662,555425.204883672,600883.844581849,192702,637194,"Agriculture","Female",1323
"Montana",20595,"Montana Territory",TRUE,168,155,19001.3392857143,20,135,2451.78571428571,16549.5535714286,591,14376,"Agriculture","Female",1
"Nebraska",122993,"Nebraska",NA,1153,796,84911.039028621,331,465,35308.4848222029,49602.554206418,10375,51410,"Agriculture","Female",32
"Nevada",42491,"Nevada",NA,438,367,35603.1894977169,69,298,6693.78767123288,28909.401826484,1878,27925,"Agriculture","Female",7
"New Hampshire",318300,"New Hampshire",NA,3284,2583,250355.937880633,1340,1243,129878.806333739,120477.131546894,55581,130411,"Agriculture","Female",11
"New Jersey",906096,"New Jersey",NA,9493,6904,658978.909090909,3531,3373,337029.914252607,321948.994838302,121392,332729,"Agriculture","Female",185
"New Mexico",91874,"New Mexico Territory",TRUE,845,558,60669.4579881657,271,287,29464.9159763314,31204.5420118343,3863,27378,"Agriculture","Female",236
"New York",4382759,"New York",NA,43850,32832,3281522.0863854,16901,15931,1689236.25676169,1592285.82962372,670218,1667545,"Agriculture","Female",868
"North Carolina",1071361,"North Carolina",NA,15275,10391,728806.032798691,5419,4972,380078.904026187,348727.128772504,90299,326287,"Agriculture","Female",28228
"Ohio",2665260,"Ohio",NA,27034,19040,1877138.0631797,9594,9446,945864.631205149,931273.431974551,394680,1091833,"Agriculture","Female",757
"Oregon",90923,"Oregon",NA,942,611,58974.4723991507,229,382,22103.3619957537,36871.110403397,9166,39562,"Agriculture","Female",16
"Pennsylvania",3521951,"Pennsylvania",NA,35533,25348,2512436.71933133,12787,12561,1267418.66538148,1245018.05394985,485637,1259906,"Agriculture","Female",1279
"Rhode Island",217353,"Rhode Island",NA,2130,1683,171739.483098592,885,798,90308.6408450704,81430.8422535211,38673,84811,"Agriculture","Female",13
"South Carolina",705606,"South Carolina",NA,11584,7804,475358.185773481,4102,3702,249861.51691989,225496.668853591,101441,203425,"Agriculture","Female",58946
"Tennessee",1258520,"Tennessee",NA,16834,11338,847635.722941666,5876,5462,439293.306403707,408342.416537959,102645,386047,"Agriculture","Female",19067
"Texas",818579,"Texas",NA,11123,7325,539071.399352693,3543,3782,260741.292546975,278330.106805718,60153,242172,"Agriculture","Female",14031
"Utah",86786,"Utah Territory",TRUE,874,563,55904.4828375286,259,304,25718.0480549199,30186.4347826087,8078,28064,"Agriculture","Female",11
"Vermont",330551,"Vermont",NA,3293,2538,254764.177953234,1265,1273,126980.569389614,127783.60856362,46886,132076,"Agriculture","Female",94
"Virginia",1225163,"Virginia",NA,18678,12885,845177.495181497,6696,6189,439216.803083842,405960.692097655,109153,374352,"Agriculture","Female",16468
"Washington",23955,"Washington Territory",TRUE,231,165,17110.7142857143,57,108,5910.97402597403,11199.7402597403,1890,11402,"Agriculture","Female",12
"West Virginia",442014,"West Virginia",NA,4703,3175,298404.093132043,1619,1556,152162.591112056,146241.502019987,46434,150988,"Agriculture","Female",235
"Wisconsin",1054670,"Wisconsin",NA,10444,7126,719607.278820375,3424,3702,345766.955189583,373840.323630793,150942,402468,"Agriculture","Female",1387
"Wyoming",9118,"Wyoming Territory",TRUE,66,63,8703.54545454545,5,58,690.757575757576,8012.78787878788,485,6524,"Agriculture","Female",1
"Alabama",996992,"Alabama",NA,15133,10260,675949.112535518,5272,4988,347329.797396418,328619.3151391,128157,314240,"Manufacturing","Male",15078
"Arizona",9658,"Arizona Territory",TRUE,92,69,7243.5,18,51,1889.60869565217,5353.89130434783,366,5813,"Manufacturing","Male",883
"Arkansas",484471,"Arkansas",NA,6219,4186,326096.736774401,2061,2125,160555.512301013,165541.224473388,45300,153221,"Manufacturing","Male",5992
"California",560247,"California",NA,5531,4183,423705.152956066,1405,2778,142315.500813596,281389.65214247,58041,271610,"Manufacturing","Male",79100
"Colorado",39864,"Colorado Territory",TRUE,380,284,29793.0947368421,104,180,10910.1473684211,18882.9473684211,1664,18535,"Manufacturing","Male",4627
"Connecticut",537454,"Connecticut",NA,5406,4156,413181.432482427,2146,2010,213351.143914169,199830.288568257,82317,210736,"Manufacturing","Male",70276
"Dakota",14181,"Dakota Territory",TRUE,151,115,10800.0993377483,40,75,3756.55629139073,7043.54304635762,682,6333,"Manufacturing","Male",439
"Delaware",125015,"Delaware",NA,1700,1217,89496.0323529412,606,611,44564.1705882353,44931.8617647059,15447,44831,"Manufacturing","Male",8437
"District of Columbia",131700,"District of Columbia",NA,1956,1445,97293.7116564417,766,679,51575.7668711657,45717.9447852761,23778,45204,"Manufacturing","Male",10071
"Florida",187748,"Florida",NA,3042,2008,123930.96120973,989,1019,61039.701512163,62891.2596975674,16168,57313,"Manufacturing","Male",4025
"Georgia",1184109,"Georgia",NA,18027,12032,790325.594275254,6301,5731,413883.109169579,376442.485105675,154292,367879,"Manufacturing","Male",22262
"Idaho",14999,"Idaho Territory",TRUE,157,146,13948.1146496815,27,119,2579.44585987261,11368.6687898089,347,10998,"Manufacturing","Male",7262
"Illinois",2539891,"Illinois",NA,26547,18135,1735070.75319245,8682,9453,830652.56571364,904418.187478811,326251,963985,"Manufacturing","Male",124112
"Indiana",1680637,"Indiana",NA,17455,11929,1148571.68564881,5894,6035,567497.821712976,581073.863935835,218356,636242,"Manufacturing","Male",72073
"Iowa",1194020,"Iowa",NA,11693,7929,809662.582741811,3756,4173,383540.504575387,426122.078166424,168862,481765,"Manufacturing","Male",44561
"Kansas",364399,"Kansas",NA,3964,2723,250317.47653885,1143,1580,105072.668264379,145244.80827447,36848,149922,"Manufacturing","Male",17403
"Kentucky",1321011,"Kentucky",NA,16884,11483,898434.57196162,5740,5743,449099.925373134,449334.646588486,136753,459045,"Manufacturing","Male",39939
"Louisiana",726915,"Louisiana",NA,11564,7973,501184.131355932,4013,3960,252257.860169492,248926.271186441,83534,224177,"Manufacturing","Male",23259
"Maine",626915,"Maine",NA,5919,4599,487106.282311201,2313,2286,244983.003041054,242123.279270147,102832,260523,"Manufacturing","Male",49265
"Maryland",780894,"Maryland",NA,10201,7247,554763.142633075,3718,3529,284615.61533183,270147.527301245,94811,269167,"Manufacturing","Male",56649
"Massachusetts",1457351,"Massachusetts",NA,14782,11464,1130230.81206873,6015,5449,593016.253889866,537214.558178866,270963,596263,"Manufacturing","Male",221793
"Michigan",1184059,"Michigan",NA,11756,8369,842921.892735624,3994,4375,402273.872575706,440648.020159918,183915,484093,"Manufacturing","Male",77434
"Minnesota",439706,"Minnesota",NA,4652,3074,290553.7927773,1406,1668,132894.805674979,157658.987102322,57428,171990,"Manufacturing","Male",17655
"Mississippi",827922,"Mississippi",NA,13107,8645,546073.524834058,4369,4276,275974,270099.524834058,105735,252256,"Manufacturing","Male",9118
"Missouri",1721295,"Missouri",NA,19084,12820,1156309.04946552,6158,6662,555425.204883672,600883.844581849,192702,637194,"Manufacturing","Male",74588
"Montana",20595,"Montana Territory",TRUE,168,155,19001.3392857143,20,135,2451.78571428571,16549.5535714286,591,14376,"Manufacturing","Male",8020
"Nebraska",122993,"Nebraska",NA,1153,796,84911.039028621,331,465,35308.4848222029,49602.554206418,10375,51410,"Manufacturing","Male",5570
"Nevada",42491,"Nevada",NA,438,367,35603.1894977169,69,298,6693.78767123288,28909.401826484,1878,27925,"Manufacturing","Male",13632
"New Hampshire",318300,"New Hampshire",NA,3284,2583,250355.937880633,1340,1243,129878.806333739,120477.131546894,55581,130411,"Manufacturing","Male",32524
"New Jersey",906096,"New Jersey",NA,9493,6904,658978.909090909,3531,3373,337029.914252607,321948.994838302,121392,332729,"Manufacturing","Male",89165
"New Mexico",91874,"New Mexico Territory",TRUE,845,558,60669.4579881657,271,287,29464.9159763314,31204.5420118343,3863,27378,"Manufacturing","Male",1444
"New York",4382759,"New York",NA,43850,32832,3281522.0863854,16901,15931,1689236.25676169,1592285.82962372,670218,1667545,"Manufacturing","Male",397166
"North Carolina",1071361,"North Carolina",NA,15275,10391,728806.032798691,5419,4972,380078.904026187,348727.128772504,90299,326287,"Manufacturing","Male",18262
"Ohio",2665260,"Ohio",NA,27034,19040,1877138.0631797,9594,9446,945864.631205149,931273.431974551,394680,1091833,"Manufacturing","Male",179394
"Oregon",90923,"Oregon",NA,942,611,58974.4723991507,229,382,22103.3619957537,36871.110403397,9166,39562,"Manufacturing","Male",8603
"Pennsylvania",3521951,"Pennsylvania",NA,35533,25348,2512436.71933133,12787,12561,1267418.66538148,1245018.05394985,485637,1259906,"Manufacturing","Male",318049
"Rhode Island",217353,"Rhode Island",NA,2130,1683,171739.483098592,885,798,90308.6408450704,81430.8422535211,38673,84811,"Manufacturing","Male",32865
"South Carolina",705606,"South Carolina",NA,11584,7804,475358.185773481,4102,3702,249861.51691989,225496.668853591,101441,203425,"Manufacturing","Male",10871
"Tennessee",1258520,"Tennessee",NA,16834,11338,847635.722941666,5876,5462,439293.306403707,408342.416537959,102645,386047,"Manufacturing","Male",27138
"Texas",818579,"Texas",NA,11123,7325,539071.399352693,3543,3782,260741.292546975,278330.106805718,60153,242172,"Manufacturing","Male",15063
"Utah",86786,"Utah Territory",TRUE,874,563,55904.4828375286,259,304,25718.0480549199,30186.4347826087,8078,28064,"Manufacturing","Male",3993
"Vermont",330551,"Vermont",NA,3293,2538,254764.177953234,1265,1273,126980.569389614,127783.60856362,46886,132076,"Manufacturing","Male",20593
"Virginia",1225163,"Virginia",NA,18678,12885,845177.495181497,6696,6189,439216.803083842,405960.692097655,109153,374352,"Manufacturing","Male",43983
"Washington",23955,"Washington Territory",TRUE,231,165,17110.7142857143,57,108,5910.97402597403,11199.7402597403,1890,11402,"Manufacturing","Male",2638
"West Virginia",442014,"West Virginia",NA,4703,3175,298404.093132043,1619,1556,152162.591112056,146241.502019987,46434,150988,"Manufacturing","Male",16827
"Wisconsin",1054670,"Wisconsin",NA,10444,7126,719607.278820375,3424,3702,345766.955189583,373840.323630793,150942,402468,"Manufacturing","Male",49733
"Wyoming",9118,"Wyoming Territory",TRUE,66,63,8703.54545454545,5,58,690.757575757576,8012.78787878788,485,6524,"Manufacturing","Male",1637
"Alabama",996992,"Alabama",NA,15133,10260,675949.112535518,5272,4988,347329.797396418,328619.3151391,128157,314240,"Manufacturing","Female",1992
"Arizona",9658,"Arizona Territory",TRUE,92,69,7243.5,18,51,1889.60869565217,5353.89130434783,366,5813,"Manufacturing","Female",156
"Arkansas",484471,"Arkansas",NA,6219,4186,326096.736774401,2061,2125,160555.512301013,165541.224473388,45300,153221,"Manufacturing","Female",279
"California",560247,"California",NA,5531,4183,423705.152956066,1405,2778,142315.500813596,281389.65214247,58041,271610,"Manufacturing","Female",2408
"Colorado",39864,"Colorado Territory",TRUE,380,284,29793.0947368421,104,180,10910.1473684211,18882.9473684211,1664,18535,"Manufacturing","Female",54
"Connecticut",537454,"Connecticut",NA,5406,4156,413181.432482427,2146,2010,213351.143914169,199830.288568257,82317,210736,"Manufacturing","Female",16068
"Dakota",14181,"Dakota Territory",TRUE,151,115,10800.0993377483,40,75,3756.55629139073,7043.54304635762,682,6333,"Manufacturing","Female",18
"Delaware",125015,"Delaware",NA,1700,1217,89496.0323529412,606,611,44564.1705882353,44931.8617647059,15447,44831,"Manufacturing","Female",1077
"District of Columbia",131700,"District of Columbia",NA,1956,1445,97293.7116564417,766,679,51575.7668711657,45717.9447852761,23778,45204,"Manufacturing","Female",1634
"Florida",187748,"Florida",NA,3042,2008,123930.96120973,989,1019,61039.701512163,62891.2596975674,16168,57313,"Manufacturing","Female",266
"Georgia",1184109,"Georgia",NA,18027,12032,790325.594275254,6301,5731,413883.109169579,376442.485105675,154292,367879,"Manufacturing","Female",4778
"Idaho",14999,"Idaho Territory",TRUE,157,146,13948.1146496815,27,119,2579.44585987261,11368.6687898089,347,10998,"Manufacturing","Female",11
"Illinois",2539891,"Illinois",NA,26547,18135,1735070.75319245,8682,9453,830652.56571364,904418.187478811,326251,963985,"Manufacturing","Female",9109
"Indiana",1680637,"Indiana",NA,17455,11929,1148571.68564881,5894,6035,567497.821712976,581073.863935835,218356,636242,"Manufacturing","Female",3984
"Iowa",1194020,"Iowa",NA,11693,7929,809662.582741811,3756,4173,383540.504575387,426122.078166424,168862,481765,"Manufacturing","Female",2758
"Kansas",364399,"Kansas",NA,3964,2723,250317.47653885,1143,1580,105072.668264379,145244.80827447,36848,149922,"Manufacturing","Female",723
"Kentucky",1321011,"Kentucky",NA,16884,11483,898434.57196162,5740,5743,449099.925373134,449334.646588486,136753,459045,"Manufacturing","Female",4258
"Louisiana",726915,"Louisiana",NA,11564,7973,501184.131355932,4013,3960,252257.860169492,248926.271186441,83534,224177,"Manufacturing","Female",2548
"Maine",626915,"Maine",NA,5919,4599,487106.282311201,2313,2286,244983.003041054,242123.279270147,102832,260523,"Manufacturing","Female",12742
"Maryland",780894,"Maryland",NA,10201,7247,554763.142633075,3718,3529,284615.61533183,270147.527301245,94811,269167,"Manufacturing","Female",6677
"Massachusetts",1457351,"Massachusetts",NA,14782,11464,1130230.81206873,6015,5449,593016.253889866,537214.558178866,270963,596263,"Manufacturing","Female",70872
"Michigan",1184059,"Michigan",NA,11756,8369,842921.892735624,3994,4375,402273.872575706,440648.020159918,183915,484093,"Manufacturing","Female",5203
"Minnesota",439706,"Minnesota",NA,4652,3074,290553.7927773,1406,1668,132894.805674979,157658.987102322,57428,171990,"Manufacturing","Female",933
"Mississippi",827922,"Mississippi",NA,13107,8645,546073.524834058,4369,4276,275974,270099.524834058,105735,252256,"Manufacturing","Female",863
"Missouri",1721295,"Missouri",NA,19084,12820,1156309.04946552,6158,6662,555425.204883672,600883.844581849,192702,637194,"Manufacturing","Female",5262
"Montana",20595,"Montana Territory",TRUE,168,155,19001.3392857143,20,135,2451.78571428571,16549.5535714286,591,14376,"Manufacturing","Female",10
"Nebraska",122993,"Nebraska",NA,1153,796,84911.039028621,331,465,35308.4848222029,49602.554206418,10375,51410,"Manufacturing","Female",193
"Nevada",42491,"Nevada",NA,438,367,35603.1894977169,69,298,6693.78767123288,28909.401826484,1878,27925,"Manufacturing","Female",157
"New Hampshire",318300,"New Hampshire",NA,3284,2583,250355.937880633,1340,1243,129878.806333739,120477.131546894,55581,130411,"Manufacturing","Female",14029
"New Jersey",906096,"New Jersey",NA,9493,6904,658978.909090909,3531,3373,337029.914252607,321948.994838302,121392,332729,"Manufacturing","Female",14157
"New Mexico",91874,"New Mexico Territory",TRUE,845,558,60669.4579881657,271,287,29464.9159763314,31204.5420118343,3863,27378,"Manufacturing","Female",851
"New York",4382759,"New York",NA,43850,32832,3281522.0863854,16901,15931,1689236.25676169,1592285.82962372,670218,1667545,"Manufacturing","Female",79609
"North Carolina",1071361,"North Carolina",NA,15275,10391,728806.032798691,5419,4972,380078.904026187,348727.128772504,90299,326287,"Manufacturing","Female",2330
"Ohio",2665260,"Ohio",NA,27034,19040,1877138.0631797,9594,9446,945864.631205149,931273.431974551,394680,1091833,"Manufacturing","Female",17616
"Oregon",90923,"Oregon",NA,942,611,58974.4723991507,229,382,22103.3619957537,36871.110403397,9166,39562,"Manufacturing","Female",91
"Pennsylvania",3521951,"Pennsylvania",NA,35533,25348,2512436.71933133,12787,12561,1267418.66538148,1245018.05394985,485637,1259906,"Manufacturing","Female",38191
"Rhode Island",217353,"Rhode Island",NA,2130,1683,171739.483098592,885,798,90308.6408450704,81430.8422535211,38673,84811,"Manufacturing","Female",14142
"South Carolina",705606,"South Carolina",NA,11584,7804,475358.185773481,4102,3702,249861.51691989,225496.668853591,101441,203425,"Manufacturing","Female",2923
"Tennessee",1258520,"Tennessee",NA,16834,11338,847635.722941666,5876,5462,439293.306403707,408342.416537959,102645,386047,"Manufacturing","Female",1923
"Texas",818579,"Texas",NA,11123,7325,539071.399352693,3543,3782,260741.292546975,278330.106805718,60153,242172,"Manufacturing","Female",816
"Utah",86786,"Utah Territory",TRUE,874,563,55904.4828375286,259,304,25718.0480549199,30186.4347826087,8078,28064,"Manufacturing","Female",114
"Vermont",330551,"Vermont",NA,3293,2538,254764.177953234,1265,1273,126980.569389614,127783.60856362,46886,132076,"Manufacturing","Female",2023
"Virginia",1225163,"Virginia",NA,18678,12885,845177.495181497,6696,6189,439216.803083842,405960.692097655,109153,374352,"Manufacturing","Female",5430
"Washington",23955,"Washington Territory",TRUE,231,165,17110.7142857143,57,108,5910.97402597403,11199.7402597403,1890,11402,"Manufacturing","Female",15
"West Virginia",442014,"West Virginia",NA,4703,3175,298404.093132043,1619,1556,152162.591112056,146241.502019987,46434,150988,"Manufacturing","Female",846
"Wisconsin",1054670,"Wisconsin",NA,10444,7126,719607.278820375,3424,3702,345766.955189583,373840.323630793,150942,402468,"Manufacturing","Female",3784
"Wyoming",9118,"Wyoming Territory",TRUE,66,63,8703.54545454545,5,58,690.757575757576,8012.78787878788,485,6524,"Manufacturing","Female",27
"Alabama",996992,"Alabama",NA,15133,10260,675949.112535518,5272,4988,347329.797396418,328619.3151391,128157,314240,"Trade","Male",14345
"Arizona",9658,"Arizona Territory",TRUE,92,69,7243.5,18,51,1889.60869565217,5353.89130434783,366,5813,"Trade","Male",588
"Arkansas",484471,"Arkansas",NA,6219,4186,326096.736774401,2061,2125,160555.512301013,165541.224473388,45300,153221,"Trade","Male",5474
"California",560247,"California",NA,5531,4183,423705.152956066,1405,2778,142315.500813596,281389.65214247,58041,271610,"Trade","Male",33038
"Colorado",39864,"Colorado Territory",TRUE,380,284,29793.0947368421,104,180,10910.1473684211,18882.9473684211,1664,18535,"Trade","Male",2813
"Connecticut",537454,"Connecticut",NA,5406,4156,413181.432482427,2146,2010,213351.143914169,199830.288568257,82317,210736,"Trade","Male",24511
"Dakota",14181,"Dakota Territory",TRUE,151,115,10800.0993377483,40,75,3756.55629139073,7043.54304635762,682,6333,"Trade","Male",204
"Delaware",125015,"Delaware",NA,1700,1217,89496.0323529412,606,611,44564.1705882353,44931.8617647059,15447,44831,"Trade","Male",3347
"District of Columbia",131700,"District of Columbia",NA,1956,1445,97293.7116564417,766,679,51575.7668711657,45717.9447852761,23778,45204,"Trade","Male",5852
"Florida",187748,"Florida",NA,3042,2008,123930.96120973,989,1019,61039.701512163,62891.2596975674,16168,57313,"Trade","Male",3016
"Georgia",1184109,"Georgia",NA,18027,12032,790325.594275254,6301,5731,413883.109169579,376442.485105675,154292,367879,"Trade","Male",17336
"Idaho",14999,"Idaho Territory",TRUE,157,146,13948.1146496815,27,119,2579.44585987261,11368.6687898089,347,10998,"Trade","Male",720
"Illinois",2539891,"Illinois",NA,26547,18135,1735070.75319245,8682,9453,830652.56571364,904418.187478811,326251,963985,"Trade","Male",79876
"Indiana",1680637,"Indiana",NA,17455,11929,1148571.68564881,5894,6035,567497.821712976,581073.863935835,218356,636242,"Trade","Male",36371
"Iowa",1194020,"Iowa",NA,11693,7929,809662.582741811,3756,4173,383540.504575387,426122.078166424,168862,481765,"Trade","Male",28151
"Kansas",364399,"Kansas",NA,3964,2723,250317.47653885,1143,1580,105072.668264379,145244.80827447,36848,149922,"Trade","Male",11736
"Kentucky",1321011,"Kentucky",NA,16884,11483,898434.57196162,5740,5743,449099.925373134,449334.646588486,136753,459045,"Trade","Male",24961
"Louisiana",726915,"Louisiana",NA,11564,7973,501184.131355932,4013,3960,252257.860169492,248926.271186441,83534,224177,"Trade","Male",23496
"Maine",626915,"Maine",NA,5919,4599,487106.282311201,2313,2286,244983.003041054,242123.279270147,102832,260523,"Trade","Male",27880
"Maryland",780894,"Maryland",NA,10201,7247,554763.142633075,3718,3529,284615.61533183,270147.527301245,94811,269167,"Trade","Male",34567
"Massachusetts",1457351,"Massachusetts",NA,14782,11464,1130230.81206873,6015,5449,593016.253889866,537214.558178866,270963,596263,"Trade","Male",81077
"Michigan",1184059,"Michigan",NA,11756,8369,842921.892735624,3994,4375,402273.872575706,440648.020159918,183915,484093,"Trade","Male",29493
"Minnesota",439706,"Minnesota",NA,4652,3074,290553.7927773,1406,1668,132894.805674979,157658.987102322,57428,171990,"Trade","Male",10559
"Mississippi",827922,"Mississippi",NA,13107,8645,546073.524834058,4369,4276,275974,270099.524834058,105735,252256,"Trade","Male",9076
"Missouri",1721295,"Missouri",NA,19084,12820,1156309.04946552,6158,6662,555425.204883672,600883.844581849,192702,637194,"Trade","Male",54583
"Montana",20595,"Montana Territory",TRUE,168,155,19001.3392857143,20,135,2451.78571428571,16549.5535714286,591,14376,"Trade","Male",1232
"Nebraska",122993,"Nebraska",NA,1153,796,84911.039028621,331,465,35308.4848222029,49602.554206418,10375,51410,"Trade","Male",4623
"Nevada",42491,"Nevada",NA,438,367,35603.1894977169,69,298,6693.78767123288,28909.401826484,1878,27925,"Trade","Male",3621
"New Hampshire",318300,"New Hampshire",NA,3284,2583,250355.937880633,1340,1243,129878.806333739,120477.131546894,55581,130411,"Trade","Male",8126
"New Jersey",906096,"New Jersey",NA,9493,6904,658978.909090909,3531,3373,337029.914252607,321948.994838302,121392,332729,"Trade","Male",45242
"New Mexico",91874,"New Mexico Territory",TRUE,845,558,60669.4579881657,271,287,29464.9159763314,31204.5420118343,3863,27378,"Trade","Male",863
"New York",4382759,"New York",NA,43850,32832,3281522.0863854,16901,15931,1689236.25676169,1592285.82962372,670218,1667545,"Trade","Male",229789
"North Carolina",1071361,"North Carolina",NA,15275,10391,728806.032798691,5419,4972,380078.904026187,348727.128772504,90299,326287,"Trade","Male",10094
"Ohio",2665260,"Ohio",NA,27034,19040,1877138.0631797,9594,9446,945864.631205149,931273.431974551,394680,1091833,"Trade","Male",77690
"Oregon",90923,"Oregon",NA,942,611,58974.4723991507,229,382,22103.3619957537,36871.110403397,9166,39562,"Trade","Male",2611
"Pennsylvania",3521951,"Pennsylvania",NA,35533,25348,2512436.71933133,12787,12561,1267418.66538148,1245018.05394985,485637,1259906,"Trade","Male",116714
"Rhode Island",217353,"Rhode Island",NA,2130,1683,171739.483098592,885,798,90308.6408450704,81430.8422535211,38673,84811,"Trade","Male",9878
"South Carolina",705606,"South Carolina",NA,11584,7804,475358.185773481,4102,3702,249861.51691989,225496.668853591,101441,203425,"Trade","Male",8250
"Tennessee",1258520,"Tennessee",NA,16834,11338,847635.722941666,5876,5462,439293.306403707,408342.416537959,102645,386047,"Trade","Male",17417
"Texas",818579,"Texas",NA,11123,7325,539071.399352693,3543,3782,260741.292546975,278330.106805718,60153,242172,"Trade","Male",13576
"Utah",86786,"Utah Territory",TRUE,874,563,55904.4828375286,259,304,25718.0480549199,30186.4347826087,8078,28064,"Trade","Male",1648
"Vermont",330551,"Vermont",NA,3293,2538,254764.177953234,1265,1273,126980.569389614,127783.60856362,46886,132076,"Trade","Male",7101
"Virginia",1225163,"Virginia",NA,18678,12885,845177.495181497,6696,6189,439216.803083842,405960.692097655,109153,374352,"Trade","Male",19992
"Washington",23955,"Washington Territory",TRUE,231,165,17110.7142857143,57,108,5910.97402597403,11199.7402597403,1890,11402,"Trade","Male",1127
"West Virginia",442014,"West Virginia",NA,4703,3175,298404.093132043,1619,1556,152162.591112056,146241.502019987,46434,150988,"Trade","Male",6888
"Wisconsin",1054670,"Wisconsin",NA,10444,7126,719607.278820375,3424,3702,345766.955189583,373840.323630793,150942,402468,"Trade","Male",21342
"Wyoming",9118,"Wyoming Territory",TRUE,66,63,8703.54545454545,5,58,690.757575757576,8012.78787878788,485,6524,"Trade","Male",1646
"Alabama",996992,"Alabama",NA,15133,10260,675949.112535518,5272,4988,347329.797396418,328619.3151391,128157,314240,"Trade","Female",90
"Arizona",9658,"Arizona Territory",TRUE,92,69,7243.5,18,51,1889.60869565217,5353.89130434783,366,5813,"Trade","Female",3
"Arkansas",484471,"Arkansas",NA,6219,4186,326096.736774401,2061,2125,160555.512301013,165541.224473388,45300,153221,"Trade","Female",17
"California",560247,"California",NA,5531,4183,423705.152956066,1405,2778,142315.500813596,281389.65214247,58041,271610,"Trade","Female",127
"Colorado",39864,"Colorado Territory",TRUE,380,284,29793.0947368421,104,180,10910.1473684211,18882.9473684211,1664,18535,"Trade","Female",2
"Connecticut",537454,"Connecticut",NA,5406,4156,413181.432482427,2146,2010,213351.143914169,199830.288568257,82317,210736,"Trade","Female",209
"Dakota",14181,"Dakota Territory",TRUE,151,115,10800.0993377483,40,75,3756.55629139073,7043.54304635762,682,6333,"Trade","Female",0
"Delaware",125015,"Delaware",NA,1700,1217,89496.0323529412,606,611,44564.1705882353,44931.8617647059,15447,44831,"Trade","Female",90
"District of Columbia",131700,"District of Columbia",NA,1956,1445,97293.7116564417,766,679,51575.7668711657,45717.9447852761,23778,45204,"Trade","Female",274
"Florida",187748,"Florida",NA,3042,2008,123930.96120973,989,1019,61039.701512163,62891.2596975674,16168,57313,"Trade","Female",7
"Georgia",1184109,"Georgia",NA,18027,12032,790325.594275254,6301,5731,413883.109169579,376442.485105675,154292,367879,"Trade","Female",74
"Idaho",14999,"Idaho Territory",TRUE,157,146,13948.1146496815,27,119,2579.44585987261,11368.6687898089,347,10998,"Trade","Female",1
"Illinois",2539891,"Illinois",NA,26547,18135,1735070.75319245,8682,9453,830652.56571364,904418.187478811,326251,963985,"Trade","Female",546
"Indiana",1680637,"Indiana",NA,17455,11929,1148571.68564881,5894,6035,567497.821712976,581073.863935835,218356,636242,"Trade","Female",146
"Iowa",1194020,"Iowa",NA,11693,7929,809662.582741811,3756,4173,383540.504575387,426122.078166424,168862,481765,"Trade","Female",59
"Kansas",364399,"Kansas",NA,3964,2723,250317.47653885,1143,1580,105072.668264379,145244.80827447,36848,149922,"Trade","Female",26
"Kentucky",1321011,"Kentucky",NA,16884,11483,898434.57196162,5740,5743,449099.925373134,449334.646588486,136753,459045,"Trade","Female",331
"Louisiana",726915,"Louisiana",NA,11564,7973,501184.131355932,4013,3960,252257.860169492,248926.271186441,83534,224177,"Trade","Female",335
"Maine",626915,"Maine",NA,5919,4599,487106.282311201,2313,2286,244983.003041054,242123.279270147,102832,260523,"Trade","Female",235
"Maryland",780894,"Maryland",NA,10201,7247,554763.142633075,3718,3529,284615.61533183,270147.527301245,94811,269167,"Trade","Female",975
"Massachusetts",1457351,"Massachusetts",NA,14782,11464,1130230.81206873,6015,5449,593016.253889866,537214.558178866,270963,596263,"Trade","Female",2001
"Michigan",1184059,"Michigan",NA,11756,8369,842921.892735624,3994,4375,402273.872575706,440648.020159918,183915,484093,"Trade","Female",95
"Minnesota",439706,"Minnesota",NA,4652,3074,290553.7927773,1406,1668,132894.805674979,157658.987102322,57428,171990,"Trade","Female",23
"Mississippi",827922,"Mississippi",NA,13107,8645,546073.524834058,4369,4276,275974,270099.524834058,105735,252256,"Trade","Female",72
"Missouri",1721295,"Missouri",NA,19084,12820,1156309.04946552,6158,6662,555425.204883672,600883.844581849,192702,637194,"Trade","Female",302
"Montana",20595,"Montana Territory",TRUE,168,155,19001.3392857143,20,135,2451.78571428571,16549.5535714286,591,14376,"Trade","Female",1
"Nebraska",122993,"Nebraska",NA,1153,796,84911.039028621,331,465,35308.4848222029,49602.554206418,10375,51410,"Trade","Female",5
"Nevada",42491,"Nevada",NA,438,367,35603.1894977169,69,298,6693.78767123288,28909.401826484,1878,27925,"Trade","Female",0
"New Hampshire",318300,"New Hampshire",NA,3284,2583,250355.937880633,1340,1243,129878.806333739,120477.131546894,55581,130411,"Trade","Female",388
"New Jersey",906096,"New Jersey",NA,9493,6904,658978.909090909,3531,3373,337029.914252607,321948.994838302,121392,332729,"Trade","Female",964
"New Mexico",91874,"New Mexico Territory",TRUE,845,558,60669.4579881657,271,287,29464.9159763314,31204.5420118343,3863,27378,"Trade","Female",0
"New York",4382759,"New York",NA,43850,32832,3281522.0863854,16901,15931,1689236.25676169,1592285.82962372,670218,1667545,"Trade","Female",4792
"North Carolina",1071361,"North Carolina",NA,15275,10391,728806.032798691,5419,4972,380078.904026187,348727.128772504,90299,326287,"Trade","Female",85
"Ohio",2665260,"Ohio",NA,27034,19040,1877138.0631797,9594,9446,945864.631205149,931273.431974551,394680,1091833,"Trade","Female",857
"Oregon",90923,"Oregon",NA,942,611,58974.4723991507,229,382,22103.3619957537,36871.110403397,9166,39562,"Trade","Female",8
"Pennsylvania",3521951,"Pennsylvania",NA,35533,25348,2512436.71933133,12787,12561,1267418.66538148,1245018.05394985,485637,1259906,"Trade","Female",4539
"Rhode Island",217353,"Rhode Island",NA,2130,1683,171739.483098592,885,798,90308.6408450704,81430.8422535211,38673,84811,"Trade","Female",230
"South Carolina",705606,"South Carolina",NA,11584,7804,475358.185773481,4102,3702,249861.51691989,225496.668853591,101441,203425,"Trade","Female",220
"Tennessee",1258520,"Tennessee",NA,16834,11338,847635.722941666,5876,5462,439293.306403707,408342.416537959,102645,386047,"Trade","Female",93
"Texas",818579,"Texas",NA,11123,7325,539071.399352693,3543,3782,260741.292546975,278330.106805718,60153,242172,"Trade","Female",36
"Utah",86786,"Utah Territory",TRUE,874,563,55904.4828375286,259,304,25718.0480549199,30186.4347826087,8078,28064,"Trade","Female",17
"Vermont",330551,"Vermont",NA,3293,2538,254764.177953234,1265,1273,126980.569389614,127783.60856362,46886,132076,"Trade","Female",31
"Virginia",1225163,"Virginia",NA,18678,12885,845177.495181497,6696,6189,439216.803083842,405960.692097655,109153,374352,"Trade","Female",189
"Washington",23955,"Washington Territory",TRUE,231,165,17110.7142857143,57,108,5910.97402597403,11199.7402597403,1890,11402,"Trade","Female",2
"West Virginia",442014,"West Virginia",NA,4703,3175,298404.093132043,1619,1556,152162.591112056,146241.502019987,46434,150988,"Trade","Female",9
"Wisconsin",1054670,"Wisconsin",NA,10444,7126,719607.278820375,3424,3702,345766.955189583,373840.323630793,150942,402468,"Trade","Female",192
"Wyoming",9118,"Wyoming Territory",TRUE,66,63,8703.54545454545,5,58,690.757575757576,8012.78787878788,485,6524,"Trade","Female",0
"Alabama",996992,"Alabama",NA,15133,10260,675949.112535518,5272,4988,347329.797396418,328619.3151391,128157,314240,"Service","Male",19449
"Arizona",9658,"Arizona Territory",TRUE,92,69,7243.5,18,51,1889.60869565217,5353.89130434783,366,5813,"Service","Male",2979
"Arkansas",484471,"Arkansas",NA,6219,4186,326096.736774401,2061,2125,160555.512301013,165541.224473388,45300,153221,"Service","Male",8018
"California",560247,"California",NA,5531,4183,423705.152956066,1405,2778,142315.500813596,281389.65214247,58041,271610,"Service","Male",65150
"Colorado",39864,"Colorado Territory",TRUE,380,284,29793.0947368421,104,180,10910.1473684211,18882.9473684211,1664,18535,"Service","Male",3245
"Connecticut",537454,"Connecticut",NA,5406,4156,413181.432482427,2146,2010,213351.143914169,199830.288568257,82317,210736,"Service","Male",21150
"Dakota",14181,"Dakota Territory",TRUE,151,115,10800.0993377483,40,75,3756.55629139073,7043.54304635762,682,6333,"Service","Male",2562
"Delaware",125015,"Delaware",NA,1700,1217,89496.0323529412,606,611,44564.1705882353,44931.8617647059,15447,44831,"Service","Male",6615
"District of Columbia",131700,"District of Columbia",NA,1956,1445,97293.7116564417,766,679,51575.7668711657,45717.9447852761,23778,45204,"Service","Male",17927
"Florida",187748,"Florida",NA,3042,2008,123930.96120973,989,1019,61039.701512163,62891.2596975674,16168,57313,"Service","Male",6892
"Georgia",1184109,"Georgia",NA,18027,12032,790325.594275254,6301,5731,413883.109169579,376442.485105675,154292,367879,"Service","Male",27435
"Idaho",14999,"Idaho Territory",TRUE,157,146,13948.1146496815,27,119,2579.44585987261,11368.6687898089,347,10998,"Service","Male",1310
"Illinois",2539891,"Illinois",NA,26547,18135,1735070.75319245,8682,9453,830652.56571364,904418.187478811,326251,963985,"Service","Male",99337
"Indiana",1680637,"Indiana",NA,17455,11929,1148571.68564881,5894,6035,567497.821712976,581073.863935835,218356,636242,"Service","Male",53466
"Iowa",1194020,"Iowa",NA,11693,7929,809662.582741811,3756,4173,383540.504575387,426122.078166424,168862,481765,"Service","Male",38531
"Kansas",364399,"Kansas",NA,3964,2723,250317.47653885,1143,1580,105072.668264379,145244.80827447,36848,149922,"Service","Male",15286
"Kentucky",1321011,"Kentucky",NA,16884,11483,898434.57196162,5740,5743,449099.925373134,449334.646588486,136753,459045,"Service","Male",41974
"Louisiana",726915,"Louisiana",NA,11564,7973,501184.131355932,4013,3960,252257.860169492,248926.271186441,83534,224177,"Service","Male",36883
"Maine",626915,"Maine",NA,5919,4599,487106.282311201,2313,2286,244983.003041054,242123.279270147,102832,260523,"Service","Male",20683
"Maryland",780894,"Maryland",NA,10201,7247,554763.142633075,3718,3529,284615.61533183,270147.527301245,94811,269167,"Service","Male",43278
"Massachusetts",1457351,"Massachusetts",NA,14782,11464,1130230.81206873,6015,5449,593016.253889866,537214.558178866,270963,596263,"Service","Male",75917
"Michigan",1184059,"Michigan",NA,11756,8369,842921.892735624,3994,4375,402273.872575706,440648.020159918,183915,484093,"Service","Male",52754
"Minnesota",439706,"Minnesota",NA,4652,3074,290553.7927773,1406,1668,132894.805674979,157658.987102322,57428,171990,"Service","Male",18920
"Mississippi",827922,"Mississippi",NA,13107,8645,546073.524834058,4369,4276,275974,270099.524834058,105735,252256,"Service","Male",20430
"Missouri",1721295,"Missouri",NA,19084,12820,1156309.04946552,6158,6662,555425.204883672,600883.844581849,192702,637194,"Service","Male",75079
"Montana",20595,"Montana Territory",TRUE,168,155,19001.3392857143,20,135,2451.78571428571,16549.5535714286,591,14376,"Service","Male",2515
"Nebraska",122993,"Nebraska",NA,1153,796,84911.039028621,331,465,35308.4848222029,49602.554206418,10375,51410,"Service","Male",8667
"Nevada",42491,"Nevada",NA,438,367,35603.1894977169,69,298,6693.78767123288,28909.401826484,1878,27925,"Service","Male",7152
"New Hampshire",318300,"New Hampshire",NA,3284,2583,250355.937880633,1340,1243,129878.806333739,120477.131546894,55581,130411,"Service","Male",8821
"New Jersey",906096,"New Jersey",NA,9493,6904,658978.909090909,3531,3373,337029.914252607,321948.994838302,121392,332729,"Service","Male",54275
"New Mexico",91874,"New Mexico Territory",TRUE,845,558,60669.4579881657,271,287,29464.9159763314,31204.5420118343,3863,27378,"Service","Male",5542
"New York",4382759,"New York",NA,43850,32832,3281522.0863854,16901,15931,1689236.25676169,1592285.82962372,670218,1667545,"Service","Male",233569
"North Carolina",1071361,"North Carolina",NA,15275,10391,728806.032798691,5419,4972,380078.904026187,348727.128772504,90299,326287,"Service","Male",23073
"Ohio",2665260,"Ohio",NA,27034,19040,1877138.0631797,9594,9446,945864.631205149,931273.431974551,394680,1091833,"Service","Male",104018
"Oregon",90923,"Oregon",NA,942,611,58974.4723991507,229,382,22103.3619957537,36871.110403397,9166,39562,"Service","Male",5522
"Pennsylvania",3521951,"Pennsylvania",NA,35533,25348,2512436.71933133,12787,12561,1267418.66538148,1245018.05394985,485637,1259906,"Service","Male",192674
"Rhode Island",217353,"Rhode Island",NA,2130,1683,171739.483098592,885,798,90308.6408450704,81430.8422535211,38673,84811,"Service","Male",12349
"South Carolina",705606,"South Carolina",NA,11584,7804,475358.185773481,4102,3702,249861.51691989,225496.668853591,101441,203425,"Service","Male",15526
"Tennessee",1258520,"Tennessee",NA,16834,11338,847635.722941666,5876,5462,439293.306403707,408342.416537959,102645,386047,"Service","Male",30077
"Texas",818579,"Texas",NA,11123,7325,539071.399352693,3543,3782,260741.292546975,278330.106805718,60153,242172,"Service","Male",27168
"Utah",86786,"Utah Territory",TRUE,874,563,55904.4828375286,259,304,25718.0480549199,30186.4347826087,8078,28064,"Service","Male",4384
"Vermont",330551,"Vermont",NA,3293,2538,254764.177953234,1265,1273,126980.569389614,127783.60856362,46886,132076,"Service","Male",9680
"Virginia",1225163,"Virginia",NA,18678,12885,845177.495181497,6696,6189,439216.803083842,405960.692097655,109153,374352,"Service","Male",45407
"Washington",23955,"Washington Territory",TRUE,231,165,17110.7142857143,57,108,5910.97402597403,11199.7402597403,1890,11402,"Service","Male",2000
"West Virginia",442014,"West Virginia",NA,4703,3175,298404.093132043,1619,1556,152162.591112056,146241.502019987,46434,150988,"Service","Male",9636
"Wisconsin",1054670,"Wisconsin",NA,10444,7126,719607.278820375,3424,3702,345766.955189583,373840.323630793,150942,402468,"Service","Male",37898
"Wyoming",9118,"Wyoming Territory",TRUE,66,63,8703.54545454545,5,58,690.757575757576,8012.78787878788,485,6524,"Service","Male",2898
"Alabama",996992,"Alabama",NA,15133,10260,675949.112535518,5272,4988,347329.797396418,328619.3151391,128157,314240,"Service","Female",22676
"Arizona",9658,"Arizona Territory",TRUE,92,69,7243.5,18,51,1889.60869565217,5353.89130434783,366,5813,"Service","Female",136
"Arkansas",484471,"Arkansas",NA,6219,4186,326096.736774401,2061,2125,160555.512301013,165541.224473388,45300,153221,"Service","Female",6859
"California",560247,"California",NA,5531,4183,423705.152956066,1405,2778,142315.500813596,281389.65214247,58041,271610,"Service","Female",10962
"Colorado",39864,"Colorado Territory",TRUE,380,284,29793.0947368421,104,180,10910.1473684211,18882.9473684211,1664,18535,"Service","Female",380
"Connecticut",537454,"Connecticut",NA,5406,4156,413181.432482427,2146,2010,213351.143914169,199830.288568257,82317,210736,"Service","Female",17554
"Dakota",14181,"Dakota Territory",TRUE,151,115,10800.0993377483,40,75,3756.55629139073,7043.54304635762,682,6333,"Service","Female",142
"Delaware",125015,"Delaware",NA,1700,1217,89496.0323529412,606,611,44564.1705882353,44931.8617647059,15447,44831,"Service","Female",4774
"District of Columbia",131700,"District of Columbia",NA,1956,1445,97293.7116564417,766,679,51575.7668711657,45717.9447852761,23778,45204,"Service","Female",11918
"Florida",187748,"Florida",NA,3042,2008,123930.96120973,989,1019,61039.701512163,62891.2596975674,16168,57313,"Service","Female",4005
"Georgia",1184109,"Georgia",NA,18027,12032,790325.594275254,6301,5731,413883.109169579,376442.485105675,154292,367879,"Service","Female",36648
"Idaho",14999,"Idaho Territory",TRUE,157,146,13948.1146496815,27,119,2579.44585987261,11368.6687898089,347,10998,"Service","Female",113
"Illinois",2539891,"Illinois",NA,26547,18135,1735070.75319245,8682,9453,830652.56571364,904418.187478811,326251,963985,"Service","Female",52594
"Indiana",1680637,"Indiana",NA,17455,11929,1148571.68564881,5894,6035,567497.821712976,581073.863935835,218356,636242,"Service","Female",26552
"Iowa",1194020,"Iowa",NA,11693,7929,809662.582741811,3756,4173,383540.504575387,426122.078166424,168862,481765,"Service","Female",19953
"Kansas",364399,"Kansas",NA,3964,2723,250317.47653885,1143,1580,105072.668264379,145244.80827447,36848,149922,"Service","Female",5450
"Kentucky",1321011,"Kentucky",NA,16884,11483,898434.57196162,5740,5743,449099.925373134,449334.646588486,136753,459045,"Service","Female",42050
"Louisiana",726915,"Louisiana",NA,11564,7973,501184.131355932,4013,3960,252257.860169492,248926.271186441,83534,224177,"Service","Female",28464
"Maine",626915,"Maine",NA,5919,4599,487106.282311201,2313,2286,244983.003041054,242123.279270147,102832,260523,"Service","Female",15409
"Maryland",780894,"Maryland",NA,10201,7247,554763.142633075,3718,3529,284615.61533183,270147.527301245,94811,269167,"Service","Female",35948
"Massachusetts",1457351,"Massachusetts",NA,14782,11464,1130230.81206873,6015,5449,593016.253889866,537214.558178866,270963,596263,"Service","Female",55374
"Michigan",1184059,"Michigan",NA,11756,8369,842921.892735624,3994,4375,402273.872575706,440648.020159918,183915,484093,"Service","Female",51974
"Minnesota",439706,"Minnesota",NA,4652,3074,290553.7927773,1406,1668,132894.805674979,157658.987102322,57428,171990,"Service","Female",9410
"Mississippi",827922,"Mississippi",NA,13107,8645,546073.524834058,4369,4276,275974,270099.524834058,105735,252256,"Service","Female",20092
"Missouri",1721295,"Missouri",NA,19084,12820,1156309.04946552,6158,6662,555425.204883672,600883.844581849,192702,637194,"Service","Female",31824
"Montana",20595,"Montana Territory",TRUE,168,155,19001.3392857143,20,135,2451.78571428571,16549.5535714286,591,14376,"Service","Female",159
"Nebraska",122993,"Nebraska",NA,1153,796,84911.039028621,331,465,35308.4848222029,49602.554206418,10375,51410,"Service","Female",1664
"Nevada",42491,"Nevada",NA,438,367,35603.1894977169,69,298,6693.78767123288,28909.401826484,1878,27925,"Service","Female",279
"New Hampshire",318300,"New Hampshire",NA,3284,2583,250355.937880633,1340,1243,129878.806333739,120477.131546894,55581,130411,"Service","Female",9707
"New Jersey",906096,"New Jersey",NA,9493,6904,658978.909090909,3531,3373,337029.914252607,321948.994838302,121392,332729,"Service","Female",29105
"New Mexico",91874,"New Mexico Territory",TRUE,845,558,60669.4579881657,271,287,29464.9159763314,31204.5420118343,3863,27378,"Service","Female",1993
"New York",4382759,"New York",NA,43850,32832,3281522.0863854,16901,15931,1689236.25676169,1592285.82962372,670218,1667545,"Service","Female",171770
"North Carolina",1071361,"North Carolina",NA,15275,10391,728806.032798691,5419,4972,380078.904026187,348727.128772504,90299,326287,"Service","Female",28217
"Ohio",2665260,"Ohio",NA,27034,19040,1877138.0631797,9594,9446,945864.631205149,931273.431974551,394680,1091833,"Service","Female",64290
"Oregon",90923,"Oregon",NA,942,611,58974.4723991507,229,382,22103.3619957537,36871.110403397,9166,39562,"Service","Female",568
"Pennsylvania",3521951,"Pennsylvania",NA,35533,25348,2512436.71933133,12787,12561,1267418.66538148,1245018.05394985,485637,1259906,"Service","Female",90326
"Rhode Island",217353,"Rhode Island",NA,2130,1683,171739.483098592,885,798,90308.6408450704,81430.8422535211,38673,84811,"Service","Female",7330
"South Carolina",705606,"South Carolina",NA,11584,7804,475358.185773481,4102,3702,249861.51691989,225496.668853591,101441,203425,"Service","Female",18857
"Tennessee",1258520,"Tennessee",NA,16834,11338,847635.722941666,5876,5462,439293.306403707,408342.416537959,102645,386047,"Service","Female",24319
"Texas",818579,"Texas",NA,11123,7325,539071.399352693,3543,3782,260741.292546975,278330.106805718,60153,242172,"Service","Female",13714
"Utah",86786,"Utah Territory",TRUE,874,563,55904.4828375286,259,304,25718.0480549199,30186.4347826087,8078,28064,"Service","Female",933
"Vermont",330551,"Vermont",NA,3293,2538,254764.177953234,1265,1273,126980.569389614,127783.60856362,46886,132076,"Service","Female",11352
"Virginia",1225163,"Virginia",NA,18678,12885,845177.495181497,6696,6189,439216.803083842,405960.692097655,109153,374352,"Service","Female",53114
"Washington",23955,"Washington Territory",TRUE,231,165,17110.7142857143,57,108,5910.97402597403,11199.7402597403,1890,11402,"Service","Female",207
"West Virginia",442014,"West Virginia",NA,4703,3175,298404.093132043,1619,1556,152162.591112056,146241.502019987,46434,150988,"Service","Female",7063
"Wisconsin",1054670,"Wisconsin",NA,10444,7126,719607.278820375,3424,3702,345766.955189583,373840.323630793,150942,402468,"Service","Female",20172
"Wyoming",9118,"Wyoming Territory",TRUE,66,63,8703.54545454545,5,58,690.757575757576,8012.78787878788,485,6524,"Service","Female",272
"Alabama",996992,"Alabama",NA,15133,10260,675949.112535518,5272,4988,347329.797396418,328619.3151391,128157,314240,"School","Male",38600
"Arizona",9658,"Arizona Territory",TRUE,92,69,7243.5,18,51,1889.60869565217,5353.89130434783,366,5813,"School","Male",79
"Arkansas",484471,"Arkansas",NA,6219,4186,326096.736774401,2061,2125,160555.512301013,165541.224473388,45300,153221,"School","Male",33068
"California",560247,"California",NA,5531,4183,423705.152956066,1405,2778,142315.500813596,281389.65214247,58041,271610,"School","Male",46742
"Colorado",39864,"Colorado Territory",TRUE,380,284,29793.0947368421,104,180,10910.1473684211,18882.9473684211,1664,18535,"School","Male",1388
"Connecticut",537454,"Connecticut",NA,5406,4156,413181.432482427,2146,2010,213351.143914169,199830.288568257,82317,210736,"School","Male",51276
"Dakota",14181,"Dakota Territory",TRUE,151,115,10800.0993377483,40,75,3756.55629139073,7043.54304635762,682,6333,"School","Male",606
"Delaware",125015,"Delaware",NA,1700,1217,89496.0323529412,606,611,44564.1705882353,44931.8617647059,15447,44831,"School","Male",10525
"District of Columbia",131700,"District of Columbia",NA,1956,1445,97293.7116564417,766,679,51575.7668711657,45717.9447852761,23778,45204,"School","Male",10004
"Florida",187748,"Florida",NA,3042,2008,123930.96120973,989,1019,61039.701512163,62891.2596975674,16168,57313,"School","Male",6436
"Georgia",1184109,"Georgia",NA,18027,12032,790325.594275254,6301,5731,413883.109169579,376442.485105675,154292,367879,"School","Male",38694
"Idaho",14999,"Idaho Territory",TRUE,157,146,13948.1146496815,27,119,2579.44585987261,11368.6687898089,347,10998,"School","Male",244
"Illinois",2539891,"Illinois",NA,26547,18135,1735070.75319245,8682,9453,830652.56571364,904418.187478811,326251,963985,"School","Male",285253
"Indiana",1680637,"Indiana",NA,17455,11929,1148571.68564881,5894,6035,567497.821712976,581073.863935835,218356,636242,"School","Male",207983
"Iowa",1194020,"Iowa",NA,11693,7929,809662.582741811,3756,4173,383540.504575387,426122.078166424,168862,481765,"School","Male",160615
"Kansas",364399,"Kansas",NA,3964,2723,250317.47653885,1143,1580,105072.668264379,145244.80827447,36848,149922,"School","Male",32579
"Kentucky",1321011,"Kentucky",NA,16884,11483,898434.57196162,5740,5743,449099.925373134,449334.646588486,136753,459045,"School","Male",94745
"Louisiana",726915,"Louisiana",NA,11564,7973,501184.131355932,4013,3960,252257.860169492,248926.271186441,83534,224177,"School","Male",26009
"Maine",626915,"Maine",NA,5919,4599,487106.282311201,2313,2286,244983.003041054,242123.279270147,102832,260523,"School","Male",80739
"Maryland",780894,"Maryland",NA,10201,7247,554763.142633075,3718,3529,284615.61533183,270147.527301245,94811,269167,"School","Male",55476
"Massachusetts",1457351,"Massachusetts",NA,14782,11464,1130230.81206873,6015,5449,593016.253889866,537214.558178866,270963,596263,"School","Male",144720
"Michigan",1184059,"Michigan",NA,11756,8369,842921.892735624,3994,4375,402273.872575706,440648.020159918,183915,484093,"School","Male",137376
"Minnesota",439706,"Minnesota",NA,4652,3074,290553.7927773,1406,1668,132894.805674979,157658.987102322,57428,171990,"School","Male",50193
"Mississippi",827922,"Mississippi",NA,13107,8645,546073.524834058,4369,4276,275974,270099.524834058,105735,252256,"School","Male",19907
"Missouri",1721295,"Missouri",NA,19084,12820,1156309.04946552,6158,6662,555425.204883672,600883.844581849,192702,637194,"School","Male",170349
"Montana",20595,"Montana Territory",TRUE,168,155,19001.3392857143,20,135,2451.78571428571,16549.5535714286,591,14376,"School","Male",499
"Nebraska",122993,"Nebraska",NA,1153,796,84911.039028621,331,465,35308.4848222029,49602.554206418,10375,51410,"School","Male",9467
"Nevada",42491,"Nevada",NA,438,367,35603.1894977169,69,298,6693.78767123288,28909.401826484,1878,27925,"School","Male",1457
"New Hampshire",318300,"New Hampshire",NA,3284,2583,250355.937880633,1340,1243,129878.806333739,120477.131546894,55581,130411,"School","Male",34378
"New Jersey",906096,"New Jersey",NA,9493,6904,658978.909090909,3531,3373,337029.914252607,321948.994838302,121392,332729,"School","Male",81104
"New Mexico",91874,"New Mexico Territory",TRUE,845,558,60669.4579881657,271,287,29464.9159763314,31204.5420118343,3863,27378,"School","Male",1097
"New York",4382759,"New York",NA,43850,32832,3281522.0863854,16901,15931,1689236.25676169,1592285.82962372,670218,1667545,"School","Male",433566
"North Carolina",1071361,"North Carolina",NA,15275,10391,728806.032798691,5419,4972,380078.904026187,348727.128772504,90299,326287,"School","Male",33848
"Ohio",2665260,"Ohio",NA,27034,19040,1877138.0631797,9594,9446,945864.631205149,931273.431974551,394680,1091833,"School","Male",334464
"Oregon",90923,"Oregon",NA,942,611,58974.4723991507,229,382,22103.3619957537,36871.110403397,9166,39562,"School","Male",9594
"Pennsylvania",3521951,"Pennsylvania",NA,35533,25348,2512436.71933133,12787,12561,1267418.66538148,1245018.05394985,485637,1259906,"School","Male",373697
"Rhode Island",217353,"Rhode Island",NA,2130,1683,171739.483098592,885,798,90308.6408450704,81430.8422535211,38673,84811,"School","Male",17952
"South Carolina",705606,"South Carolina",NA,11584,7804,475358.185773481,4102,3702,249861.51691989,225496.668853591,101441,203425,"School","Male",21070
"Tennessee",1258520,"Tennessee",NA,16834,11338,847635.722941666,5876,5462,439293.306403707,408342.416537959,102645,386047,"School","Male",63462
"Texas",818579,"Texas",NA,11123,7325,539071.399352693,3543,3782,260741.292546975,278330.106805718,60153,242172,"School","Male",33643
"Utah",86786,"Utah Territory",TRUE,874,563,55904.4828375286,259,304,25718.0480549199,30186.4347826087,8078,28064,"School","Male",7622
"Vermont",330551,"Vermont",NA,3293,2538,254764.177953234,1265,1273,126980.569389614,127783.60856362,46886,132076,"School","Male",36813
"Virginia",1225163,"Virginia",NA,18678,12885,845177.495181497,6696,6189,439216.803083842,405960.692097655,109153,374352,"School","Male",36888
"Washington",23955,"Washington Territory",TRUE,231,165,17110.7142857143,57,108,5910.97402597403,11199.7402597403,1890,11402,"School","Male",1878
"West Virginia",442014,"West Virginia",NA,4703,3175,298404.093132043,1619,1556,152162.591112056,146241.502019987,46434,150988,"School","Male",43912
"Wisconsin",1054670,"Wisconsin",NA,10444,7126,719607.278820375,3424,3702,345766.955189583,373840.323630793,150942,402468,"School","Male",135195
"Wyoming",9118,"Wyoming Territory",TRUE,66,63,8703.54545454545,5,58,690.757575757576,8012.78787878788,485,6524,"School","Male",179
"Alabama",996992,"Alabama",NA,15133,10260,675949.112535518,5272,4988,347329.797396418,328619.3151391,128157,314240,"School","Female",38539
"Arizona",9658,"Arizona Territory",TRUE,92,69,7243.5,18,51,1889.60869565217,5353.89130434783,366,5813,"School","Female",70
"Arkansas",484471,"Arkansas",NA,6219,4186,326096.736774401,2061,2125,160555.512301013,165541.224473388,45300,153221,"School","Female",29504
"California",560247,"California",NA,5531,4183,423705.152956066,1405,2778,142315.500813596,281389.65214247,58041,271610,"School","Female",44261
"Colorado",39864,"Colorado Territory",TRUE,380,284,29793.0947368421,104,180,10910.1473684211,18882.9473684211,1664,18535,"School","Female",1228
"Connecticut",537454,"Connecticut",NA,5406,4156,413181.432482427,2146,2010,213351.143914169,199830.288568257,82317,210736,"School","Female",48356
"Dakota",14181,"Dakota Territory",TRUE,151,115,10800.0993377483,40,75,3756.55629139073,7043.54304635762,682,6333,"School","Female",522
"Delaware",125015,"Delaware",NA,1700,1217,89496.0323529412,606,611,44564.1705882353,44931.8617647059,15447,44831,"School","Female",9440
"District of Columbia",131700,"District of Columbia",NA,1956,1445,97293.7116564417,766,679,51575.7668711657,45717.9447852761,23778,45204,"School","Female",9937
"Florida",187748,"Florida",NA,3042,2008,123930.96120973,989,1019,61039.701512163,62891.2596975674,16168,57313,"School","Female",6342
"Georgia",1184109,"Georgia",NA,18027,12032,790325.594275254,6301,5731,413883.109169579,376442.485105675,154292,367879,"School","Female",38799
"Idaho",14999,"Idaho Territory",TRUE,157,146,13948.1146496815,27,119,2579.44585987261,11368.6687898089,347,10998,"School","Female",222
"Illinois",2539891,"Illinois",NA,26547,18135,1735070.75319245,8682,9453,830652.56571364,904418.187478811,326251,963985,"School","Female",262968
"Indiana",1680637,"Indiana",NA,17455,11929,1148571.68564881,5894,6035,567497.821712976,581073.863935835,218356,636242,"School","Female",187246
"Iowa",1194020,"Iowa",NA,11693,7929,809662.582741811,3756,4173,383540.504575387,426122.078166424,168862,481765,"School","Female",145736
"Kansas",364399,"Kansas",NA,3964,2723,250317.47653885,1143,1580,105072.668264379,145244.80827447,36848,149922,"School","Female",30339
"Kentucky",1321011,"Kentucky",NA,16884,11483,898434.57196162,5740,5743,449099.925373134,449334.646588486,136753,459045,"School","Female",86460
"Louisiana",726915,"Louisiana",NA,11564,7973,501184.131355932,4013,3960,252257.860169492,248926.271186441,83534,224177,"School","Female",25250
"Maine",626915,"Maine",NA,5919,4599,487106.282311201,2313,2286,244983.003041054,242123.279270147,102832,260523,"School","Female",74391
"Maryland",780894,"Maryland",NA,10201,7247,554763.142633075,3718,3529,284615.61533183,270147.527301245,94811,269167,"School","Female",49959
"Massachusetts",1457351,"Massachusetts",NA,14782,11464,1130230.81206873,6015,5449,593016.253889866,537214.558178866,270963,596263,"School","Female",142662
"Michigan",1184059,"Michigan",NA,11756,8369,842921.892735624,3994,4375,402273.872575706,440648.020159918,183915,484093,"School","Female",126468
"Minnesota",439706,"Minnesota",NA,4652,3074,290553.7927773,1406,1668,132894.805674979,157658.987102322,57428,171990,"School","Female",46568
"Mississippi",827922,"Mississippi",NA,13107,8645,546073.524834058,4369,4276,275974,270099.524834058,105735,252256,"School","Female",19234
"Missouri",1721295,"Missouri",NA,19084,12820,1156309.04946552,6158,6662,555425.204883672,600883.844581849,192702,637194,"School","Female",153991
"Montana",20595,"Montana Territory",TRUE,168,155,19001.3392857143,20,135,2451.78571428571,16549.5535714286,591,14376,"School","Female",420
"Nebraska",122993,"Nebraska",NA,1153,796,84911.039028621,331,465,35308.4848222029,49602.554206418,10375,51410,"School","Female",8481
"Nevada",42491,"Nevada",NA,438,367,35603.1894977169,69,298,6693.78767123288,28909.401826484,1878,27925,"School","Female",1435
"New Hampshire",318300,"New Hampshire",NA,3284,2583,250355.937880633,1340,1243,129878.806333739,120477.131546894,55581,130411,"School","Female",31446
"New Jersey",906096,"New Jersey",NA,9493,6904,658978.909090909,3531,3373,337029.914252607,321948.994838302,121392,332729,"School","Female",76981
"New Mexico",91874,"New Mexico Territory",TRUE,845,558,60669.4579881657,271,287,29464.9159763314,31204.5420118343,3863,27378,"School","Female",783
"New York",4382759,"New York",NA,43850,32832,3281522.0863854,16901,15931,1689236.25676169,1592285.82962372,670218,1667545,"School","Female",413179
"North Carolina",1071361,"North Carolina",NA,15275,10391,728806.032798691,5419,4972,380078.904026187,348727.128772504,90299,326287,"School","Female",31439
"Ohio",2665260,"Ohio",NA,27034,19040,1877138.0631797,9594,9446,945864.631205149,931273.431974551,394680,1091833,"School","Female",311160
"Oregon",90923,"Oregon",NA,942,611,58974.4723991507,229,382,22103.3619957537,36871.110403397,9166,39562,"School","Female",8483
"Pennsylvania",3521951,"Pennsylvania",NA,35533,25348,2512436.71933133,12787,12561,1267418.66538148,1245018.05394985,485637,1259906,"School","Female",351302
"Rhode Island",217353,"Rhode Island",NA,2130,1683,171739.483098592,885,798,90308.6408450704,81430.8422535211,38673,84811,"School","Female",16958
"South Carolina",705606,"South Carolina",NA,11584,7804,475358.185773481,4102,3702,249861.51691989,225496.668853591,101441,203425,"School","Female",20495
"Tennessee",1258520,"Tennessee",NA,16834,11338,847635.722941666,5876,5462,439293.306403707,408342.416537959,102645,386047,"School","Female",57243
"Texas",818579,"Texas",NA,11123,7325,539071.399352693,3543,3782,260741.292546975,278330.106805718,60153,242172,"School","Female",31556
"Utah",86786,"Utah Territory",TRUE,874,563,55904.4828375286,259,304,25718.0480549199,30186.4347826087,8078,28064,"School","Female",7003
"Vermont",330551,"Vermont",NA,3293,2538,254764.177953234,1265,1273,126980.569389614,127783.60856362,46886,132076,"School","Female",33386
"Virginia",1225163,"Virginia",NA,18678,12885,845177.495181497,6696,6189,439216.803083842,405960.692097655,109153,374352,"School","Female",33952
"Washington",23955,"Washington Territory",TRUE,231,165,17110.7142857143,57,108,5910.97402597403,11199.7402597403,1890,11402,"School","Female",1654
"West Virginia",442014,"West Virginia",NA,4703,3175,298404.093132043,1619,1556,152162.591112056,146241.502019987,46434,150988,"School","Female",38281
"Wisconsin",1054670,"Wisconsin",NA,10444,7126,719607.278820375,3424,3702,345766.955189583,373840.323630793,150942,402468,"School","Female",125407
"Wyoming",9118,"Wyoming Territory",TRUE,66,63,8703.54545454545,5,58,690.757575757576,8012.78787878788,485,6524,"School","Female",185
"Alabama",996992,"Alabama",NA,15133,10260,675949.112535518,5272,4988,347329.797396418,328619.3151391,128157,314240,"Unaccounted","Female",219172.797396418
"Arizona",9658,"Arizona Territory",TRUE,92,69,7243.5,18,51,1889.60869565217,5353.89130434783,366,5813,"Unaccounted","Female",1523.60869565217
"Arkansas",484471,"Arkansas",NA,6219,4186,326096.736774401,2061,2125,160555.512301013,165541.224473388,45300,153221,"Unaccounted","Female",115255.512301013
"California",560247,"California",NA,5531,4183,423705.152956066,1405,2778,142315.500813596,281389.65214247,58041,271610,"Unaccounted","Female",84274.5008135961
"Colorado",39864,"Colorado Territory",TRUE,380,284,29793.0947368421,104,180,10910.1473684211,18882.9473684211,1664,18535,"Unaccounted","Female",9246.14736842105
"Connecticut",537454,"Connecticut",NA,5406,4156,413181.432482427,2146,2010,213351.143914169,199830.288568257,82317,210736,"Unaccounted","Female",131034.143914169
"Dakota",14181,"Dakota Territory",TRUE,151,115,10800.0993377483,40,75,3756.55629139073,7043.54304635762,682,6333,"Unaccounted","Female",3074.55629139073
"Delaware",125015,"Delaware",NA,1700,1217,89496.0323529412,606,611,44564.1705882353,44931.8617647059,15447,44831,"Unaccounted","Female",29117.1705882353
"District of Columbia",131700,"District of Columbia",NA,1956,1445,97293.7116564417,766,679,51575.7668711657,45717.9447852761,23778,45204,"Unaccounted","Female",27797.7668711657
"Florida",187748,"Florida",NA,3042,2008,123930.96120973,989,1019,61039.701512163,62891.2596975674,16168,57313,"Unaccounted","Female",44871.701512163
"Georgia",1184109,"Georgia",NA,18027,12032,790325.594275254,6301,5731,413883.109169579,376442.485105675,154292,367879,"Unaccounted","Female",259591.109169579
"Idaho",14999,"Idaho Territory",TRUE,157,146,13948.1146496815,27,119,2579.44585987261,11368.6687898089,347,10998,"Unaccounted","Female",2232.44585987261
"Illinois",2539891,"Illinois",NA,26547,18135,1735070.75319245,8682,9453,830652.56571364,904418.187478811,326251,963985,"Unaccounted","Female",504401.56571364
"Indiana",1680637,"Indiana",NA,17455,11929,1148571.68564881,5894,6035,567497.821712976,581073.863935835,218356,636242,"Unaccounted","Female",349141.821712976
"Iowa",1194020,"Iowa",NA,11693,7929,809662.582741811,3756,4173,383540.504575387,426122.078166424,168862,481765,"Unaccounted","Female",214678.504575387
"Kansas",364399,"Kansas",NA,3964,2723,250317.47653885,1143,1580,105072.668264379,145244.80827447,36848,149922,"Unaccounted","Female",68224.6682643794
"Kentucky",1321011,"Kentucky",NA,16884,11483,898434.57196162,5740,5743,449099.925373134,449334.646588486,136753,459045,"Unaccounted","Female",312346.925373134
"Louisiana",726915,"Louisiana",NA,11564,7973,501184.131355932,4013,3960,252257.860169492,248926.271186441,83534,224177,"Unaccounted","Female",168723.860169492
"Maine",626915,"Maine",NA,5919,4599,487106.282311201,2313,2286,244983.003041054,242123.279270147,102832,260523,"Unaccounted","Female",142151.003041054
"Maryland",780894,"Maryland",NA,10201,7247,554763.142633075,3718,3529,284615.61533183,270147.527301245,94811,269167,"Unaccounted","Female",189804.61533183
"Massachusetts",1457351,"Massachusetts",NA,14782,11464,1130230.81206873,6015,5449,593016.253889866,537214.558178866,270963,596263,"Unaccounted","Female",322053.253889866
"Michigan",1184059,"Michigan",NA,11756,8369,842921.892735624,3994,4375,402273.872575706,440648.020159918,183915,484093,"Unaccounted","Female",218358.872575706
"Minnesota",439706,"Minnesota",NA,4652,3074,290553.7927773,1406,1668,132894.805674979,157658.987102322,57428,171990,"Unaccounted","Female",75466.8056749785
"Mississippi",827922,"Mississippi",NA,13107,8645,546073.524834058,4369,4276,275974,270099.524834058,105735,252256,"Unaccounted","Female",170239
"Missouri",1721295,"Missouri",NA,19084,12820,1156309.04946552,6158,6662,555425.204883672,600883.844581849,192702,637194,"Unaccounted","Female",362723.204883672
"Montana",20595,"Montana Territory",TRUE,168,155,19001.3392857143,20,135,2451.78571428571,16549.5535714286,591,14376,"Unaccounted","Female",1860.78571428571
"Nebraska",122993,"Nebraska",NA,1153,796,84911.039028621,331,465,35308.4848222029,49602.554206418,10375,51410,"Unaccounted","Female",24933.4848222029
"Nevada",42491,"Nevada",NA,438,367,35603.1894977169,69,298,6693.78767123288,28909.401826484,1878,27925,"Unaccounted","Female",4815.78767123288
"New Hampshire",318300,"New Hampshire",NA,3284,2583,250355.937880633,1340,1243,129878.806333739,120477.131546894,55581,130411,"Unaccounted","Female",74297.8063337394
"New Jersey",906096,"New Jersey",NA,9493,6904,658978.909090909,3531,3373,337029.914252607,321948.994838302,121392,332729,"Unaccounted","Female",215637.914252607
"New Mexico",91874,"New Mexico Territory",TRUE,845,558,60669.4579881657,271,287,29464.9159763314,31204.5420118343,3863,27378,"Unaccounted","Female",25601.9159763314
"New York",4382759,"New York",NA,43850,32832,3281522.0863854,16901,15931,1689236.25676169,1592285.82962372,670218,1667545,"Unaccounted","Female",1019018.25676169
"North Carolina",1071361,"North Carolina",NA,15275,10391,728806.032798691,5419,4972,380078.904026187,348727.128772504,90299,326287,"Unaccounted","Female",289779.904026187
"Ohio",2665260,"Ohio",NA,27034,19040,1877138.0631797,9594,9446,945864.631205149,931273.431974551,394680,1091833,"Unaccounted","Female",551184.631205149
"Oregon",90923,"Oregon",NA,942,611,58974.4723991507,229,382,22103.3619957537,36871.110403397,9166,39562,"Unaccounted","Female",12937.3619957537
"Pennsylvania",3521951,"Pennsylvania",NA,35533,25348,2512436.71933133,12787,12561,1267418.66538148,1245018.05394985,485637,1259906,"Unaccounted","Female",781781.665381476
"Rhode Island",217353,"Rhode Island",NA,2130,1683,171739.483098592,885,798,90308.6408450704,81430.8422535211,38673,84811,"Unaccounted","Female",51635.6408450704
"South Carolina",705606,"South Carolina",NA,11584,7804,475358.185773481,4102,3702,249861.51691989,225496.668853591,101441,203425,"Unaccounted","Female",148420.51691989
"Tennessee",1258520,"Tennessee",NA,16834,11338,847635.722941666,5876,5462,439293.306403707,408342.416537959,102645,386047,"Unaccounted","Female",336648.306403707
"Texas",818579,"Texas",NA,11123,7325,539071.399352693,3543,3782,260741.292546975,278330.106805718,60153,242172,"Unaccounted","Female",200588.292546975
"Utah",86786,"Utah Territory",TRUE,874,563,55904.4828375286,259,304,25718.0480549199,30186.4347826087,8078,28064,"Unaccounted","Female",17640.0480549199
"Vermont",330551,"Vermont",NA,3293,2538,254764.177953234,1265,1273,126980.569389614,127783.60856362,46886,132076,"Unaccounted","Female",80094.5693896143
"Virginia",1225163,"Virginia",NA,18678,12885,845177.495181497,6696,6189,439216.803083842,405960.692097655,109153,374352,"Unaccounted","Female",330063.803083842
"Washington",23955,"Washington Territory",TRUE,231,165,17110.7142857143,57,108,5910.97402597403,11199.7402597403,1890,11402,"Unaccounted","Female",4020.97402597403
"West Virginia",442014,"West Virginia",NA,4703,3175,298404.093132043,1619,1556,152162.591112056,146241.502019987,46434,150988,"Unaccounted","Female",105728.591112056
"Wisconsin",1054670,"Wisconsin",NA,10444,7126,719607.278820375,3424,3702,345766.955189583,373840.323630793,150942,402468,"Unaccounted","Female",194824.955189583
"Wyoming",9118,"Wyoming Territory",TRUE,66,63,8703.54545454545,5,58,690.757575757576,8012.78787878788,485,6524,"Unaccounted","Female",205.757575757576
"Alabama",996992,"Alabama",NA,15133,10260,675949.112535518,5272,4988,347329.797396418,328619.3151391,128157,314240,"Unaccounted","Male",14379.3151391
"Arizona",9658,"Arizona Territory",TRUE,92,69,7243.5,18,51,1889.60869565217,5353.89130434783,366,5813,"Unaccounted","Male",0
"Arkansas",484471,"Arkansas",NA,6219,4186,326096.736774401,2061,2125,160555.512301013,165541.224473388,45300,153221,"Unaccounted","Male",12320.224473388
"California",560247,"California",NA,5531,4183,423705.152956066,1405,2778,142315.500813596,281389.65214247,58041,271610,"Unaccounted","Male",9779.65214246971
"Colorado",39864,"Colorado Territory",TRUE,380,284,29793.0947368421,104,180,10910.1473684211,18882.9473684211,1664,18535,"Unaccounted","Male",347.947368421053
"Connecticut",537454,"Connecticut",NA,5406,4156,413181.432482427,2146,2010,213351.143914169,199830.288568257,82317,210736,"Unaccounted","Male",0
"Dakota",14181,"Dakota Territory",TRUE,151,115,10800.0993377483,40,75,3756.55629139073,7043.54304635762,682,6333,"Unaccounted","Male",710.543046357616
"Delaware",125015,"Delaware",NA,1700,1217,89496.0323529412,606,611,44564.1705882353,44931.8617647059,15447,44831,"Unaccounted","Male",100.861764705893
"District of Columbia",131700,"District of Columbia",NA,1956,1445,97293.7116564417,766,679,51575.7668711657,45717.9447852761,23778,45204,"Unaccounted","Male",513.944785276071
"Florida",187748,"Florida",NA,3042,2008,123930.96120973,989,1019,61039.701512163,62891.2596975674,16168,57313,"Unaccounted","Male",5578.25969756739
"Georgia",1184109,"Georgia",NA,18027,12032,790325.594275254,6301,5731,413883.109169579,376442.485105675,154292,367879,"Unaccounted","Male",8563.48510567483
"Idaho",14999,"Idaho Territory",TRUE,157,146,13948.1146496815,27,119,2579.44585987261,11368.6687898089,347,10998,"Unaccounted","Male",370.668789808919
"Illinois",2539891,"Illinois",NA,26547,18135,1735070.75319245,8682,9453,830652.56571364,904418.187478811,326251,963985,"Unaccounted","Male",0
"Indiana",1680637,"Indiana",NA,17455,11929,1148571.68564881,5894,6035,567497.821712976,581073.863935835,218356,636242,"Unaccounted","Male",0
"Iowa",1194020,"Iowa",NA,11693,7929,809662.582741811,3756,4173,383540.504575387,426122.078166424,168862,481765,"Unaccounted","Male",0
"Kansas",364399,"Kansas",NA,3964,2723,250317.47653885,1143,1580,105072.668264379,145244.80827447,36848,149922,"Unaccounted","Male",0
"Kentucky",1321011,"Kentucky",NA,16884,11483,898434.57196162,5740,5743,449099.925373134,449334.646588486,136753,459045,"Unaccounted","Male",0
"Louisiana",726915,"Louisiana",NA,11564,7973,501184.131355932,4013,3960,252257.860169492,248926.271186441,83534,224177,"Unaccounted","Male",24749.2711864407
"Maine",626915,"Maine",NA,5919,4599,487106.282311201,2313,2286,244983.003041054,242123.279270147,102832,260523,"Unaccounted","Male",0
"Maryland",780894,"Maryland",NA,10201,7247,554763.142633075,3718,3529,284615.61533183,270147.527301245,94811,269167,"Unaccounted","Male",980.527301244962
"Massachusetts",1457351,"Massachusetts",NA,14782,11464,1130230.81206873,6015,5449,593016.253889866,537214.558178866,270963,596263,"Unaccounted","Male",0
"Michigan",1184059,"Michigan",NA,11756,8369,842921.892735624,3994,4375,402273.872575706,440648.020159918,183915,484093,"Unaccounted","Male",0
"Minnesota",439706,"Minnesota",NA,4652,3074,290553.7927773,1406,1668,132894.805674979,157658.987102322,57428,171990,"Unaccounted","Male",0
"Mississippi",827922,"Mississippi",NA,13107,8645,546073.524834058,4369,4276,275974,270099.524834058,105735,252256,"Unaccounted","Male",17843.5248340581
"Missouri",1721295,"Missouri",NA,19084,12820,1156309.04946552,6158,6662,555425.204883672,600883.844581849,192702,637194,"Unaccounted","Male",0
"Montana",20595,"Montana Territory",TRUE,168,155,19001.3392857143,20,135,2451.78571428571,16549.5535714286,591,14376,"Unaccounted","Male",2173.55357142857
"Nebraska",122993,"Nebraska",NA,1153,796,84911.039028621,331,465,35308.4848222029,49602.554206418,10375,51410,"Unaccounted","Male",0
"Nevada",42491,"Nevada",NA,438,367,35603.1894977169,69,298,6693.78767123288,28909.401826484,1878,27925,"Unaccounted","Male",984.401826484016
"New Hampshire",318300,"New Hampshire",NA,3284,2583,250355.937880633,1340,1243,129878.806333739,120477.131546894,55581,130411,"Unaccounted","Male",0
"New Jersey",906096,"New Jersey",NA,9493,6904,658978.909090909,3531,3373,337029.914252607,321948.994838302,121392,332729,"Unaccounted","Male",0
"New Mexico",91874,"New Mexico Territory",TRUE,845,558,60669.4579881657,271,287,29464.9159763314,31204.5420118343,3863,27378,"Unaccounted","Male",3826.54201183432
"New York",4382759,"New York",NA,43850,32832,3281522.0863854,16901,15931,1689236.25676169,1592285.82962372,670218,1667545,"Unaccounted","Male",0
"North Carolina",1071361,"North Carolina",NA,15275,10391,728806.032798691,5419,4972,380078.904026187,348727.128772504,90299,326287,"Unaccounted","Male",22440.1287725041
"Ohio",2665260,"Ohio",NA,27034,19040,1877138.0631797,9594,9446,945864.631205149,931273.431974551,394680,1091833,"Unaccounted","Male",0
"Oregon",90923,"Oregon",NA,942,611,58974.4723991507,229,382,22103.3619957537,36871.110403397,9166,39562,"Unaccounted","Male",0
"Pennsylvania",3521951,"Pennsylvania",NA,35533,25348,2512436.71933133,12787,12561,1267418.66538148,1245018.05394985,485637,1259906,"Unaccounted","Male",0
"Rhode Island",217353,"Rhode Island",NA,2130,1683,171739.483098592,885,798,90308.6408450704,81430.8422535211,38673,84811,"Unaccounted","Male",0
"South Carolina",705606,"South Carolina",NA,11584,7804,475358.185773481,4102,3702,249861.51691989,225496.668853591,101441,203425,"Unaccounted","Male",22071.6688535911
"Tennessee",1258520,"Tennessee",NA,16834,11338,847635.722941666,5876,5462,439293.306403707,408342.416537959,102645,386047,"Unaccounted","Male",22295.4165379589
"Texas",818579,"Texas",NA,11123,7325,539071.399352693,3543,3782,260741.292546975,278330.106805718,60153,242172,"Unaccounted","Male",36158.1068057179
"Utah",86786,"Utah Territory",TRUE,874,563,55904.4828375286,259,304,25718.0480549199,30186.4347826087,8078,28064,"Unaccounted","Male",2122.43478260869
"Vermont",330551,"Vermont",NA,3293,2538,254764.177953234,1265,1273,126980.569389614,127783.60856362,46886,132076,"Unaccounted","Male",0
"Virginia",1225163,"Virginia",NA,18678,12885,845177.495181497,6696,6189,439216.803083842,405960.692097655,109153,374352,"Unaccounted","Male",31608.692097655
"Washington",23955,"Washington Territory",TRUE,231,165,17110.7142857143,57,108,5910.97402597403,11199.7402597403,1890,11402,"Unaccounted","Male",0
"West Virginia",442014,"West Virginia",NA,4703,3175,298404.093132043,1619,1556,152162.591112056,146241.502019987,46434,150988,"Unaccounted","Male",0
"Wisconsin",1054670,"Wisconsin",NA,10444,7126,719607.278820375,3424,3702,345766.955189583,373840.323630793,150942,402468,"Unaccounted","Male",0
"Wyoming",9118,"Wyoming Territory",TRUE,66,63,8703.54545454545,5,58,690.757575757576,8012.78787878788,485,6524,"Unaccounted","Male",1488.78787878788
